eval_loss,eval_accuracy,eval_f1,eval_precision,eval_recall,eval_runtime,eval_samples_per_second,eval_steps_per_second,epoch
0.5966908931732178,0.7303921568627451,0.7342995169082126,0.7238095238095238,0.7450980392156863,8.1762,24.95,3.18,5.0
0.63321453332901,0.6519607843137255,0.6757990867579908,0.6324786324786325,0.7254901960784313,8.1707,24.967,3.182,5.0
0.5988812446594238,0.7156862745098039,0.7264150943396226,0.7,0.7549019607843137,8.1726,24.961,3.181,5.0
0.6104689836502075,0.7205882352941176,0.7219512195121951,0.7184466019417476,0.7254901960784313,8.6477,23.59,3.007,5.0
0.6037787795066833,0.7058823529411765,0.6938775510204082,0.723404255319149,0.6666666666666666,8.169,24.972,3.183,5.0
