eval_loss,eval_accuracy,eval_f1,eval_precision,eval_recall,eval_runtime,eval_samples_per_second,eval_steps_per_second,epoch
0.5650818943977356,0.7352941176470589,0.7244897959183674,0.7553191489361702,0.696078431372549,8.162,24.994,3.186,3.0
0.6346308588981628,0.6519607843137255,0.6536585365853659,0.6504854368932039,0.6568627450980392,8.1767,24.949,3.18,3.0
0.5694177746772766,0.7156862745098039,0.7156862745098039,0.7156862745098039,0.7156862745098039,8.1709,24.967,3.182,3.0
0.5748319029808044,0.7352941176470589,0.7272727272727273,0.75,0.7058823529411765,8.4061,24.268,3.093,3.0
0.5767661929130554,0.7058823529411765,0.6842105263157895,0.7386363636363636,0.6372549019607843,8.1708,24.967,3.182,3.0
