config,mean_accuracy,std_accuracy,mean_f1,std_f1,mean_precision,std_precision,mean_recall,std_recall
config_stable,0.7088235294117647,0.03424362587563331,0.7010635721204108,0.03154676586977833,0.7220254447951084,0.04279347762686943,0.6823529411764706,0.033677576543760156
config_advanced,0.7049019607843138,0.030886243141222267,0.7104684937076858,0.02465406603329442,0.6996278027098105,0.038772967813023244,0.7235294117647059,0.03424362587563331
